Domain,Classification
abccareerline.com,Acute
australia-employment.com,Acute
datajobsearch.net,Acute
email-getarealcareer.com,Acute
getarealcareer.com,Acute
hireablejobs.com,Acute
jobconduit.com,Acute
auxsy.com,Chronic
azurla.com,Chronic
jobadmiration.com,Chronic
jobbullet.com,Chronic
jobsearchforce.com,Chronic
altiu.com,Prophylactic
animatedjob.net,Prophylactic
aptena.com,Prophylactic
arrangedjobs.com,Prophylactic
aucareersonline.com,Prophylactic
aujobcenter.com,Prophylactic
benevolentemployer.net,Prophylactic
bestnetworked.com,Prophylactic
betterjobsonline.com,Prophylactic
bizzjobs.com,Prophylactic
careerapproval.net,Prophylactic
careerarcher.net,Prophylactic
careercandy.com,Prophylactic
careercharmer.net,Prophylactic
careercougar.com,Prophylactic
careerisland.net,Prophylactic
careerpi.net,Prophylactic
drabneedle.com,Prophylactic
email-auxsy.com,Prophylactic
email-jobicorn.com,Prophylactic
employermatch.co.uk,Prophylactic
employmenthunter.co.uk,Prophylactic
employmentpursuit.co.uk,Prophylactic
gabellefree.com,Prophylactic
getacareer.co.uk,Prophylactic
harpjob.com,Prophylactic
hirebulletin.com,Prophylactic
hiredpeople.com,Prophylactic
ivessi.net,Prophylactic
jipijapa.net,Prophylactic
jobalien.net,Prophylactic
jobbity.com,Prophylactic
jobbrony.com,Prophylactic
jobcafes.com,Prophylactic
jobcanyon.net,Prophylactic
jobcontentment.com,Prophylactic
jobcourage.com,Prophylactic
jobcrown.co.uk,Prophylactic
jobfalcon.com,Prophylactic
jobfire.net,Prophylactic
jobflight.net,Prophylactic
jobfurries.com,Prophylactic
jobgrizzly.com,Prophylactic
jobguide360.com,Prophylactic
jobicorn.com,Prophylactic
joblistify.com,Prophylactic
jobmodesty.com,Prophylactic
jobnyc.net,Prophylactic
jobreactor.co.uk,Prophylactic
jobs.myjobresource.com,Prophylactic
jobsengineau.com,Prophylactic
jobsflagcareers.com,Prophylactic
jobsincareer.com,Prophylactic
jobuliet.net,Prophylactic
jobwend.net,Prophylactic
jotjob.com,Prophylactic
jumbucks.net,Prophylactic
localjobstars.com,Prophylactic
manyactivejobs.co.uk,Prophylactic
mapsemployment.com,Prophylactic
newjobpursuit.co.uk,Prophylactic
newsemployer.com,Prophylactic
nudiustertian.com,Prophylactic
ourjob.net,Prophylactic
slothjob.net,Prophylactic
tablemountainemployment.com,Prophylactic
tablemountainjobs.com,Prophylactic
thesejobs.net,Prophylactic
turoo.net,Prophylactic
valuedcareers.net,Prophylactic
winklepickertwins.com,Prophylactic
yayjobs.net,Prophylactic
zyzzyvas.net,Prophylactic
